Invoice_No,Engagement_ID,Invoice_Date,Due_Date,Invoice_Amount_INR
INV-26-0153,ENG038,2026-05-04,2026-06-18,1103000
INV-26-0102,ENG026,2026-05-04,2026-07-03,984000
INV-26-0119,ENG030,2026-05-04,2026-06-03,1229000
INV-26-0111,ENG028,2026-05-05,2026-07-04,737000
INV-26-0157,ENG039,2026-05-06,2026-07-05,739000
INV-26-0140,ENG035,2026-05-07,2026-07-06,228000
INV-26-0162,ENG040,2026-05-07,2026-06-06,945000
INV-26-0070,ENG018,2026-05-07,2026-06-06,1394000
INV-26-0107,ENG027,2026-05-08,2026-06-07,783000
INV-26-0034,ENG009,2026-05-09,2026-07-08,916000
INV-26-0061,ENG016,2026-05-14,2026-06-13,581000
INV-26-0079,ENG020,2026-05-14,2026-06-28,490000
INV-26-0013,ENG004,2026-05-14,2026-06-13,295000
INV-26-0001,ENG001,2026-05-14,2026-06-13,360000
INV-26-0145,ENG036,2026-05-15,2026-06-29,1147000
INV-26-0114,ENG029,2026-05-15,2026-06-14,1129000
INV-26-0016,ENG005,2026-05-17,2026-06-16,466000
INV-26-0136,ENG034,2026-05-17,2026-06-16,1083000
INV-26-0122,ENG031,2026-05-18,2026-07-17,986000
INV-26-0051,ENG013,2026-05-18,2026-07-02,910000
INV-26-0006,ENG002,2026-05-19,2026-06-18,813000
INV-26-0042,ENG011,2026-05-20,2026-06-19,635000
INV-26-0025,ENG007,2026-05-22,2026-07-21,1263000
INV-26-0148,ENG037,2026-05-22,2026-07-06,572000
INV-26-0131,ENG033,2026-05-23,2026-06-22,705000
INV-26-0038,ENG010,2026-05-24,2026-06-23,1442000
INV-26-0088,ENG022,2026-05-24,2026-06-23,1112000
INV-26-0083,ENG021,2026-05-25,2026-07-09,320000
INV-26-0066,ENG017,2026-05-25,2026-07-09,304000
INV-26-0057,ENG015,2026-05-25,2026-07-09,944000
INV-26-0108,ENG027,2026-06-04,2026-07-04,757000
INV-26-0021,ENG006,2026-06-04,2026-07-04,643000
INV-26-0095,ENG024,2026-06-05,2026-07-05,604000
INV-26-0098,ENG025,2026-06-05,2026-07-05,953000
INV-26-0075,ENG019,2026-06-06,2026-08-05,1640000
INV-26-0137,ENG034,2026-06-08,2026-07-08,1219000
INV-26-0103,ENG026,2026-06-10,2026-08-09,1300000
INV-26-0115,ENG029,2026-06-10,2026-07-10,643000
INV-26-0141,ENG035,2026-06-10,2026-08-09,221000
INV-26-0035,ENG009,2026-06-10,2026-08-09,780000
INV-26-0043,ENG011,2026-06-10,2026-07-10,1040000
INV-26-0163,ENG040,2026-06-11,2026-07-11,1123000
INV-26-0067,ENG017,2026-06-11,2026-07-26,289000
INV-26-0071,ENG018,2026-06-11,2026-07-11,1490000
INV-26-0054,ENG014,2026-06-11,2026-07-11,561000
INV-26-0154,ENG038,2026-06-12,2026-07-27,828000
INV-26-0091,ENG023,2026-06-12,2026-08-11,208000
INV-26-0112,ENG028,2026-06-13,2026-08-12,832000
INV-26-0026,ENG007,2026-06-13,2026-08-12,1367000
INV-26-0047,ENG012,2026-06-14,2026-07-14,491000
INV-26-0089,ENG022,2026-06-14,2026-07-14,1280000
INV-26-0030,ENG008,2026-06-14,2026-07-29,896000
INV-26-0058,ENG015,2026-06-14,2026-07-29,949000
INV-26-0039,ENG010,2026-06-14,2026-07-14,1650000
INV-26-0132,ENG033,2026-06-16,2026-07-16,610000
INV-26-0017,ENG005,2026-06-16,2026-07-16,397000
INV-26-0084,ENG021,2026-06-16,2026-07-31,384000
INV-26-0002,ENG001,2026-06-18,2026-07-18,266000
INV-26-0014,ENG004,2026-06-19,2026-07-19,312000
INV-26-0009,ENG003,2026-06-19,2026-07-19,842000
INV-26-0146,ENG036,2026-06-19,2026-08-03,1091000
INV-26-0052,ENG013,2026-06-21,2026-08-05,879000
INV-26-0123,ENG031,2026-06-22,2026-08-21,1062000
INV-26-0158,ENG039,2026-06-22,2026-08-21,789000
INV-26-0080,ENG020,2026-06-22,2026-08-06,699000
INV-26-0062,ENG016,2026-06-22,2026-07-22,769000
INV-26-0149,ENG037,2026-06-23,2026-08-07,637000
INV-26-0007,ENG002,2026-06-23,2026-07-23,731000
INV-26-0127,ENG032,2026-06-25,2026-07-25,703000
INV-26-0120,ENG030,2026-06-26,2026-07-26,1465000
INV-26-0085,ENG021,2026-07-05,2026-08-19,518000
INV-26-0015,ENG004,2026-07-05,2026-08-04,324000
INV-26-0155,ENG038,2026-07-06,2026-08-20,795000
INV-26-0044,ENG011,2026-07-06,2026-08-05,688000
INV-26-0072,ENG018,2026-07-06,2026-08-05,1173000
INV-26-0104,ENG026,2026-07-07,2026-09-05,908000
INV-26-0099,ENG025,2026-07-08,2026-08-07,1254000
INV-26-0008,ENG002,2026-07-08,2026-08-07,1216000
INV-26-0022,ENG006,2026-07-09,2026-08-08,760000
INV-26-0133,ENG033,2026-07-09,2026-08-08,832000
INV-26-0124,ENG031,2026-07-10,2026-09-08,1635000
INV-26-0040,ENG010,2026-07-10,2026-08-09,1503000
INV-26-0010,ENG003,2026-07-10,2026-08-09,732000
INV-26-0068,ENG017,2026-07-10,2026-08-24,359000
INV-26-0059,ENG015,2026-07-11,2026-08-25,642000
INV-26-0090,ENG022,2026-07-11,2026-08-10,1207000
INV-26-0027,ENG007,2026-07-13,2026-09-11,920000
INV-26-0053,ENG013,2026-07-13,2026-08-27,1208000
INV-26-0164,ENG040,2026-07-15,2026-08-14,904000
INV-26-0113,ENG028,2026-07-15,2026-09-13,1066000
INV-26-0142,ENG035,2026-07-16,2026-09-14,211000
INV-26-0018,ENG005,2026-07-17,2026-08-16,433000
INV-26-0116,ENG029,2026-07-17,2026-08-16,972000
INV-26-0018,ENG005,2026-07-17,2026-08-16,433000
INV-26-0081,ENG020,2026-07-18,2026-09-01,555000
INV-26-0063,ENG016,2026-07-19,2026-08-18,979000
INV-26-0055,ENG014,2026-07-19,2026-08-18,750000
INV-26-0109,ENG027,2026-07-20,2026-08-19,516000
INV-26-0121,ENG030,2026-07-20,2026-08-19,
INV-26-0003,ENG001,2026-07-20,2026-08-19,360000
INV-26-0092,ENG023,2026-07-20,2026-09-18,236000
INV-26-0138,ENG034,2026-07-22,2026-08-21,1081000
INV-26-0096,ENG024,2026-07-23,2026-08-22,616000
INV-26-0048,ENG012,2026-07-23,2026-08-22,481000
INV-26-0128,ENG032,2026-07-23,2026-08-22,628000
INV-26-0159,ENG039,2026-07-24,2026-09-22,723000
INV-26-0150,ENG037,2026-07-24,2026-09-07,669000
INV-26-0031,ENG008,2026-07-24,2026-09-07,890000
INV-26-0147,ENG036,2026-07-26,2026-09-09,1501000
INV-26-0036,ENG009,2026-07-26,2026-09-24,655000
INV-26-0076,ENG019,2026-07-26,2026-06-26,948000
INV-26-0019,ENG005,2026-08-04,2026-09-03,373000
INV-26-0069,ENG017,2026-08-04,2026-09-18,371000
INV-26-0143,ENG035,2026-08-04,2026-10-03,231000
INV-26-0037,ENG009,2026-08-06,2026-10-05,1086000
INV-26-0129,ENG032,2026-08-06,2026-09-05,633000
INV-26-0056,ENG014,2026-08-06,2026-09-05,572000
INV-26-0086,ENG021,2026-08-07,2026-09-21,460000
INV-26-0060,ENG015,2026-08-07,2026-09-21,890000
INV-26-0151,ENG037,2026-08-09,2026-09-23,821000
INV-26-0077,ENG019,2026-08-09,2026-10-08,1356000
INV-26-0073,ENG018,2026-08-09,2026-09-08,1534000
INV-26-0041,ENG010,2026-08-10,2026-09-09,-1248000
INV-26-0105,ENG026,2026-08-10,2026-10-09,1312000
INV-26-0082,ENG020,2026-08-10,2026-09-24,469000
INV-26-0100,ENG025,2026-08-11,2026-09-10,1075000
INV-26-0028,ENG007,2026-08-11,2026-10-10,867000
INV-26-0167,ENG045,2026-08-12,2026-09-11,450000
INV-26-0097,ENG024,2026-08-12,2026-09-11,934000
INV-26-0110,ENG027,2026-08-13,2026-09-12,832000
INV-26-0004,ENG001,2026-08-14,2026-09-13,280000
INV-26-0045,ENG011,2026-08-14,2026-09-13,740000
INV-26-0064,ENG016,2026-08-15,2026-09-14,808000
INV-26-0032,ENG008,2026-08-15,2026-09-29,1258000
INV-26-0117,ENG029,2026-08-16,2026-09-15,687000
INV-26-0160,ENG039,2026-08-17,2026-10-16,665000
INV-26-0049,ENG012,2026-08-19,2026-09-18,457000
INV-26-0011,ENG003,2026-08-21,2026-09-20,781000
INV-26-0093,ENG023,2026-08-21,2026-10-20,347000
INV-26-0165,ENG040,2026-08-22,2026-09-21,1002000
INV-26-0156,ENG038,2026-08-23,2026-10-07,1365000
INV-26-0125,ENG031,2026-08-23,2026-10-22,1165000
INV-26-0134,ENG033,2026-08-23,2026-09-22,553000
INV-26-0139,ENG034,2026-08-25,2026-09-24,1099000
INV-26-0023,ENG006,2026-08-25,2026-09-24,960000
INV-26-0012,ENG003,2026-09-04,2026-10-04,577000
INV-26-0029,ENG007,2026-09-04,2026-11-03,1303000
INV-26-0020,ENG005,2026-09-10,2026-10-10,545000
INV-26-0024,ENG006,2026-09-10,2026-10-10,905000
INV-26-0126,ENG031,2026-09-11,2026-11-10,1476000
INV-26-0130,ENG032,2026-09-12,2026-10-12,723000
INV-26-0166,ENG040,2026-09-12,2026-10-12,795000
INV-26-0050,ENG012,2026-09-13,2026-10-13,446000
INV-26-0106,ENG026,2026-09-15,2026-11-14,1232000
INV-26-0033,ENG008,2026-09-15,2026-10-30,1045000
INV-26-0078,ENG019,2026-09-16,2026-11-15,1572000
INV-26-0065,ENG016,2026-09-16,2026-10-16,667000
INV-26-0074,ENG018,2026-09-19,2026-10-19,1568000
INV-26-0118,ENG029,2026-09-20,2026-10-20,856000
INV-26-0161,ENG039,2026-09-21,2026-11-20,715000
INV-26-0046,ENG011,2026-09-22,2026-10-22,675000
INV-26-0135,ENG033,2026-09-22,2026-10-22,536000
INV-26-0005,ENG001,2026-09-22,2026-10-22,262000
INV-26-0144,ENG035,2026-09-23,2026-11-22,303000
INV-26-0087,ENG021,2026-09-24,2026-11-08,494000
INV-26-0094,ENG023,2026-09-25,2026-11-24,213000
INV-26-0152,ENG037,2026-09-25,2026-11-09,575000
INV-26-0101,ENG025,2026-09-26,2026-10-26,845000
