Receipt_ID,Invoice_No,Receipt_Date,Amount_Received_INR
RCP-0001,INV-26-0013,2026-06-14,295000
RCP-0002,INV-26-0114,2026-06-15,1129000
RCP-0003,INV-26-0136,2026-06-19,1083000
RCP-0004,INV-26-0006,2026-06-22,813000
RCP-0005,INV-26-0001,2026-06-23,360000
RCP-0006,INV-26-0131,2026-06-25,705000
RCP-0007,INV-26-0162,2026-06-25,945000
RCP-0008,INV-26-0153,2026-06-27,580000
RCP-0009,INV-26-0061,2026-06-27,581000
RCP-0010,INV-26-0070,2026-06-27,1394000
RCP-0011,INV-26-0102,2026-06-28,659000
RCP-0012,INV-26-0079,2026-07-03,263000
RCP-0013,INV-26-0095,2026-07-04,604000
RCP-0014,INV-26-0137,2026-07-06,1219000
RCP-0015,INV-26-0148,2026-07-07,572000
RCP-0016,INV-26-0054,2026-07-07,239000
RCP-0017,INV-26-0145,2026-07-08,1147000
RCP-0018,INV-26-0119,2026-07-08,1229000
RCP-0019,INV-26-0107,2026-07-10,783000
RCP-0020,INV-26-0083,2026-07-13,320000
RCP-0021,INV-26-0115,2026-07-18,643000
RCP-0022,INV-26-0034,2026-07-20,916000
RCP-0023,INV-26-0066,2026-07-20,304000
RCP-0024,INV-26-0014,2026-07-22,312000
RCP-0025,INV-26-0038,2026-07-24,1442000
RCP-0026,INV-26-0163,2026-07-24,1123000
RCP-0027,INV-26-0007,2026-07-25,731000
RCP-0028,INV-26-0132,2026-07-25,610000
RCP-0029,INV-26-0127,2026-07-26,320000
RCP-0030,INV-26-0098,2026-07-27,953000
RCP-0031,INV-26-0071,2026-05-30,1490000
RCP-0032,INV-26-0030,2026-07-30,896000
RCP-0033,INV-26-0002,2026-07-30,266000
RCP-0034,INV-26-0154,2026-07-31,828000
RCP-0035,INV-26-0146,2026-07-31,1091000
RCP-0036,INV-26-0062,2026-07-31,769000
RCP-0037,INV-26-0067,2026-08-01,289000
RCP-0038,INV-26-0015,2026-08-02,324000
RCP-0039,INV-26-0108,2026-08-03,757000
RCP-0040,INV-26-0084,2026-08-06,384000
RCP-0041,INV-26-0133,2026-08-11,832000
RCP-0042,INV-26-0057,2026-08-11,944000
RCP-0043,INV-26-0096,2026-08-13,291000
RCP-0044,INV-26-0047,2026-08-13,491000
RCP-0045,INV-26-0157,2026-08-14,739000
RCP-0046,INV-26-0149,2026-08-16,637000
RCP-0047,INV-26-0103,2026-08-16,1300000
RCP-0048,INV-26-0039,2026-08-16,1650000
RCP-0049,INV-26-0008,2026-08-17,1216000
RCP-0050,INV-26-0128,2026-08-19,628000
RCP-0051,INV-26-0042,2026-08-19,635000
RCP-0052,INV-26-0055,2026-08-20,750000
RCP-0053,INV-26-0080,2026-08-21,699000
RCP-0054,INV-26-0035,2026-08-21,780000
RCP-0055,INV-26-0155,2026-08-22,795000
RCP-0056,INV-26-0138,2026-08-25,1081000
RCP-0057,INV-26-0116,2026-08-27,972000
RCP-0058,INV-26-0099,2026-08-27,1254000
RCP-0059,INV-26-0063,2026-08-27,979000
RCP-0060,INV-26-0072,2026-08-29,1173000
RCP-0061,INV-26-0085,2026-08-30,362000
RCP-0062,INV-26-0122,2026-08-30,577000
RCP-0063,INV-26-0120,2026-09-01,1465000
RCP-0064,INV-26-0164,2026-09-04,904000
RCP-0065,INV-26-0003,2026-09-07,360000
RCP-0066,INV-26-0058,2026-09-07,949000
RCP-0067,INV-26-0097,2026-09-07,934000
RCP-0068,INV-26-0068,2026-09-08,359000
RCP-0069,INV-26-0150,2026-09-08,669000
RCP-0070,INV-26-0051,2026-09-08,910000
RCP-0071,INV-26-0129,2026-09-08,633000
RCP-0072,INV-26-0088,2026-09-09,1112000
RCP-0073,INV-26-0043,2026-09-09,1040000
RCP-0074,INV-26-0104,2026-09-09,908000
RCP-0075,INV-26-0056,2026-09-09,572000
RCP-0076,INV-26-0040,2026-09-12,1503000
RCP-0077,INV-26-0075,2026-09-12,1640000
RCP-0078,INV-26-0081,2026-09-12,555000
RCP-0079,INV-26-0147,2026-09-13,1501000
RCP-0080,INV-26-0031,2026-09-16,890000
RCP-0081,INV-26-0048,2026-09-18,481000
RCP-0082,INV-26-0109,2026-09-19,516000
RCP-0083,INV-26-0111,2026-09-19,339000
RCP-0084,INV-26-0123,2026-09-20,1062000
RCP-0085,INV-26-0064,2026-09-21,808000
RCP-0086,INV-26-0117,2026-09-21,687000
RCP-0087,INV-26-0073,2026-09-24,1534000
RCP-0088,INV-26-0139,2026-09-25,1099000
RCP-0089,INV-26-0004,2026-09-26,280000
RCP-0090,INV-26-0009,2026-09-27,842000
RCP-0091,INV-26-0089,2026-09-28,896000
RCP-0092,INV-26-0069,2026-09-28,371000
RCP-0093,INV-26-0041,2026-09-29,1248000
RCP-0094,INV-26-0121,2026-09-30,1140000
RCP-0095,INV-26-0032,2026-09-30,856000
RCP-0096,INV-26-9999,2026-09-18,300000
